{
	"sections": {
		"mainScreen": {
			"title": "General",
			"info": "",
			"labels": {
				"voteBadge": {
					"title": "Vote Badge",
					"defaultValue": "Vote",
					"required": true,
					"inputType": "text",
					"toolTip": "The word Vote in the vote count badge"
				},
				"voteButton": {
					"title": "Vote Button",
					"defaultValue": "Vote",
					"required": true,
					"inputType": "text",
					"toolTip": "The word Vote in the vote button"
				},
				"commentButton": {
					"title": "Comment Button",
					"defaultValue": "Comment",
					"required": true,
					"inputType": "text",
					"toolTip": "The word Comment in the comment button"
				},
				"backlog": {
					"title": "Backlog",
					"defaultValue": "Backlog",
					"inputType": "text",
					"maxLength": 20,
					"toolTip": ""
				},
				"inProgress": {
					"title": "In Progress",
					"defaultValue": "In Progress",
					"inputType": "text",
					"maxLength": 20,
					"toolTip": ""
				},
				"completed": {
					"title": "Completed",
					"defaultValue": "Completed",
					"inputType": "text",
					"maxLength": 20,
					"toolTip": ""
				}
			}
		}
	}
}
